{
    "citation.cff": {
        "count": 37
    },
    "readme_url": {
        "count": 1346
    },
    "contributors": {
        "count": 15
    },
    "license": {
        "count": 969
    },
    "identifier_extract": {
        "count": 44,
        "extracted_values": [
            "10.5281/zenodo.7116648",
            "10.5281/zenodo.1215178",
            "10.5281/zenodo.5531702",
            "10.5281/zenodo.6478104",
            "10.21105/joss.04494",
            "10.1186/s13059-024-03252-4",
            "10.5281/zenodo.7039654",
            "10.5281/zenodo.7777356",
            "10.21105/joss.01344",
            "10.1093/bib/bbac491",
            "10.5281/zenodo.6602088",
            "10.5281/zenodo.7987769",
            "10.5281/zenodo.6762584",
            "10.5281/zenodo.6348128",
            "10.1371/journal.pone.0274491",
            "10.5281/zenodo.7213153",
            "10.5281/zenodo.7479507",
            "10.5281/zenodo.7573612",
            "10.5281/zenodo.7293206",
            "10.1038/s41592-022-01541-z",
            "10.5281/zenodo.7585469",
            "10.21105/joss.04337",
            "10.5281/zenodo.6327625",
            "10.5281/zenodo.8285754",
            "10.5281/zenodo.10034416",
            "10.5281/zenodo.6123937",
            "10.5281/zenodo.8226382",
            "10.5281/zenodo.6388476",
            "10.5281/zenodo.2620608",
            "10.1093/bioinformatics/btac398",
            "10.5281/zenodo.3766090",
            "10.5281/zenodo.7662597",
            "10.5281/zenodo.4943765",
            "10.5281/zenodo.6458586",
            "10.5281/zenodo.5215902",
            "10.5281/zenodo.3727519",
            "10.5281/zenodo.6383205",
            "10.5281/zenodo.3752203",
            "10.5281/zenodo.7601098",
            "10.5281/zenodo.6323262",
            "10.5281/zenodo.7428883",
            "10.5281/zenodo.4701816",
            "10.5281/zenodo.7134575",
            "10.1186/s13321-023-00687-y"
        ]
    },
    "None": {
        "count": 50
    }
}